INSERT INTO restaurant.pessoas (nome, dataNascimento) VALUES
('João Silva', '1990-05-15'),
('Maria Santos', '1985-10-20'),
('Pedro Oliveira', '1988-03-08'),
('Ana Costa', '1995-12-25'),
('Carlos Lima', '1983-07-18'),
('Fernanda Sousa', '1992-09-30'),
('Gabriel Martins', '1987-02-14'),
('Laura Pereira', '1993-11-10'),
('Roberto Almeida', '1980-06-05'),
('Camila Rocha', '1998-04-03'),
('Mariana Santos', '1991-08-22'),
('Ricardo Souza', '1986-01-17'),
('Juliana Oliveira', '1989-07-09'),
('Lucas Martins', '1994-03-12'),
('Patrícia Costa', '1997-05-28'),
('Gustavo Silva', '1984-11-06'),
('Amanda Oliveira', '1982-09-15'),
('Thiago Pereira', '1996-02-23'),
('Cristina Almeida', '1999-10-31'),
('Marcos Lima', '1981-04-19'),
('Fabiana Rocha', '1990-12-08'),
('Vinícius Santos', '1987-06-25'),
('Renata Silva', '1992-08-13'),
('Diego Oliveira', '1985-05-07'),
('Carla Martins', '1988-09-03'),
('Rodrigo Almeida', '1993-01-21'),
('Bianca Lima', '1980-03-29'),
('Sandra Sousa', '1995-07-16'),
('Leonardo Costa', '1983-12-04'),
('Tatiane Pereira', '1998-06-01');


INSERT INTO restaurant.cliente (id, cpf, email, senha) VALUES
(1, '12345678901', 'cliente1@example.com', 'senha123'),
(2, '23456789012', 'cliente2@example.com', 'senha456'),
(3, '34567890123', 'cliente3@example.com', 'senha789'),
(4, '45678901234', 'cliente4@example.com', 'senhaabc'),
(5, '56789012345', 'cliente5@example.com', 'senhaxyz'),
(6, '67890123456', 'cliente6@example.com', 'senha1234'),
(7, '78901234567', 'cliente7@example.com', 'senha5678'),
(8, '89012345678', 'cliente8@example.com', 'senha9012'),
(9, '90123456789', 'cliente9@example.com', 'senha3456'),
(10, '01234567890', 'cliente10@example.com', 'senha7890');

INSERT INTO restaurant.fornecedores (id, categoriaProduto, cnpj) VALUES
(11, 'Categoria 1', '11111111111111'),
(12, 'Categoria 2', '22222222222222'),
(13, 'Categoria 3', '33333333333333'),
(14, 'Categoria 4', '44444444444444'),
(15, 'Categoria 5', '55555555555555'),
(16, 'Categoria 6', '66666666666666'),
(17, 'Categoria 7', '77777777777777'),
(18, 'Categoria 8', '88888888888888'),
(19, 'Categoria 9', '99999999999999'),
(20, 'Categoria 10', '00000000000000');

INSERT INTO restaurant.cargos (name, descricao, salario, permissao) VALUES
('Gerente de Operações', 'Responsável pela gestão geral das operações do restaurante.', 5000.00, 'Admin'),
('Chef de Cozinha', 'Responsável pelo planejamento do cardápio e supervisão da cozinha.', 4500.00, 'Moderador'),
('Subchef', 'Auxilia o Chef de Cozinha nas tarefas diárias.', 3500.00, 'Moderador'),
('Maitre', 'Responsável pelo atendimento aos clientes e organização do salão.', 3000.00, 'Moderador'),
('Garçom/Garçonete', 'Atende os clientes, anota pedidos e serve refeições.', 2500.00, 'Usuário'),
('Sommelier', 'Especialista em vinhos, responsável pela carta de vinhos e recomendações.', 4000.00, 'Moderador'),
('Barman/Barwoman', 'Prepara e serve bebidas no bar do restaurante.', 3000.00, 'Usuário'),
('Cozinheiro(a)', 'Responsável pela preparação dos pratos.', 3000.00, 'Usuário'),
('Auxiliar de Limpeza', 'Realiza a limpeza e organização do restaurante.', 2000.00, 'Usuário'),
('Caixa', 'Responsável pelo caixa e fechamento das contas.', 2800.00, 'Moderador');

INSERT INTO restaurant.funcionarios (id, carteiraTrabalho, email, senha, cpf, cargo) VALUES
(21, '12345678901', 'funcionario1@example.com', 'senha123', '12345678901', 1),
(22, '23456789012', 'funcionario2@example.com', 'senha456', '23456789012', 2),
(23, '34567890123', 'funcionario3@example.com', 'senha789', '34567890123', 3),
(24, '45678901234', 'funcionario4@example.com', 'senhaabc', '45678901234', 4),
(25, '56789012345', 'funcionario5@example.com', 'senhaxyz', '56789012345', 5),
(26, '67890123456', 'funcionario6@example.com', 'senha1234', '67890123456', 6),
(27, '78901234567', 'funcionario7@example.com', 'senha5678', '78901234567', 7),
(28, '89012345678', 'funcionario8@example.com', 'senha9012', '89012345678', 8),
(29, '90123456789', 'funcionario9@example.com', 'senha3456', '90123456789', 9),
(30, '01234567890', 'funcionario10@example.com', 'senha7890', '01234567890', 10);

INSERT INTO restaurant.itemcardapio (nome, valor, categoria, status, descricao) VALUES
('Água Mineral', 3.50, 'Bebidas', 'Disponível', 'Água mineral sem gás, 500ml'),
('Suco de Laranja', 6.50, 'Bebidas', 'Disponível', 'Copo de 300ml'),
('Refrigerante Cajuina', 4.99, 'Bebidas', 'Disponível', 'Refrigerante lata 350ml'),
('Refrigerante Guaranar', 4.00, 'Bebidas', 'Disponível', 'Refrigerante lata 350ml'),
('Refrigerante Fanta', 4.50, 'Bebidas', 'Disponível', 'Refrigerante lata 350ml'),
('Refrigerante Coca-Cola', 5.00, 'Bebidas', 'Disponível', 'Refrigerante lata 350ml'),
('Cerveja Pilsen', 8.99, 'Bebidas', 'Disponível', 'Cerveja garrafa 600ml'),
('Cerveja Heineken', 9.50, 'Bebidas', 'Disponível', 'Cerveja garrafa 600ml'),
('Chope Pilsen', 7.50, 'Bebidas', 'Disponível', 'Chope de cerveja tipo Pilsen, 300ml'),
('Vinho Tinto', 18.99, 'Bebidas', 'Disponível', 'Vinho tinto seco, garrafa 750ml');

INSERT INTO restaurant.contatos (telefone, email, pessoa, dataHora) VALUES
('1234567890', 'contato1@example.com', 1, '2024-04-07 08:00:00'),
('2345678901', 'contato2@example.com', 2, '2024-04-07 08:30:00'),
('3456789012', 'contato3@example.com', 3, '2024-04-07 09:00:00'),
('4567890123', 'contato4@example.com', 4, '2024-04-07 09:30:00'),
('5678901234', 'contato5@example.com', 5, '2024-04-07 10:00:00'),
('6789012345', 'contato6@example.com', 6, '2024-04-07 10:30:00'),
('7890123456', 'contato7@example.com', 7, '2024-04-07 11:00:00'),
('8901234567', 'contato8@example.com', 8, '2024-04-07 11:30:00'),
('9012345678', 'contato9@example.com', 9, '2024-04-07 12:00:00'),
('0123456789', 'contato10@example.com', 10, '2024-04-07 12:30:00'),
('1234567890', 'contato11@example.com', 11, '2024-04-07 13:00:00'),
('2345678901', 'contato12@example.com', 12, '2024-04-07 13:30:00'),
('3456789012', 'contato13@example.com', 13, '2024-04-07 14:00:00'),
('4567890123', 'contato14@example.com', 14, '2024-04-07 14:30:00'),
('5678901234', 'contato15@example.com', 15, '2024-04-07 15:00:00'),
('6789012345', 'contato16@example.com', 16, '2024-04-07 15:30:00'),
('7890123456', 'contato17@example.com', 17, '2024-04-07 16:00:00'),
('8901234567', 'contato18@example.com', 18, '2024-04-07 16:30:00'),
('9012345678', 'contato19@example.com', 19, '2024-04-07 17:00:00'),
('0123456789', 'contato20@example.com', 20, '2024-04-07 17:30:00'),
('1234567890', 'contato21@example.com', 21, '2024-04-07 18:00:00'),
('2345678901', 'contato22@example.com', 22, '2024-04-07 18:30:00'),
('3456789012', 'contato23@example.com', 23, '2024-04-07 19:00:00'),
('4567890123', 'contato24@example.com', 24, '2024-04-07 19:30:00'),
('5678901234', 'contato25@example.com', 25, '2024-04-07 20:00:00'),
('6789012345', 'contato26@example.com', 26, '2024-04-07 20:30:00'),
('7890123456', 'contato27@example.com', 27, '2024-04-07 21:00:00'),
('8901234567', 'contato28@example.com', 28, '2024-04-07 21:30:00'),
('9012345678', 'contato29@example.com', 29, '2024-04-07 22:00:00'),
('0123456789', 'contato30@example.com', 30, '2024-04-07 22:30:00');

INSERT INTO restaurant.enderecos (cep, estado, cidade, bairro, rua, numero, complemento) VALUES
('12345678', 'São Paulo', 'São Paulo', 'Centro', 'Rua A', 123, 'Apto 101'),
('23456789', 'Rio de Janeiro', 'Rio de Janeiro', 'Copacabana', 'Avenida B', 456, 'Casa 2'),
('34567890', 'Minas Gerais', 'Belo Horizonte', 'Savassi', 'Rua C', 789, NULL),
('45678901', 'Rio Grande do Sul', 'Porto Alegre', 'Moinhos de Vento', 'Rua D', 1011, 'Bloco B'),
('56789012', 'Bahia', 'Salvador', 'Barra', 'Avenida E', 1315, NULL),
('67890123', 'Pernambuco', 'Recife', 'Boa Viagem', 'Rua F', 1617, 'Loja 3'),
('78901234', 'Paraná', 'Curitiba', 'Batel', 'Rua G', 1819, NULL),
('89012345', 'Ceará', 'Fortaleza', 'Aldeota', 'Avenida H', 2021, 'Sala 5'),
('90123456', 'Santa Catarina', 'Florianópolis', 'Centro', 'Rua I', 2223, NULL),
('01234567', 'Goiás', 'Goiânia', 'Setor Oeste', 'Avenida J', 2425, NULL),
('12345678', 'São Paulo', 'São Paulo', 'Centro', 'Rua K', 123, 'Apto 102'),
('23456789', 'Rio de Janeiro', 'Rio de Janeiro', 'Copacabana', 'Avenida L', 456, 'Casa 3'),
('34567890', 'Minas Gerais', 'Belo Horizonte', 'Savassi', 'Rua M', 789, NULL),
('45678901', 'Rio Grande do Sul', 'Porto Alegre', 'Moinhos de Vento', 'Rua N', 1011, 'Bloco C'),
('56789012', 'Bahia', 'Salvador', 'Barra', 'Avenida O', 1315, NULL),
('67890123', 'Pernambuco', 'Recife', 'Boa Viagem', 'Rua P', 1617, 'Loja 4'),
('78901234', 'Paraná', 'Curitiba', 'Batel', 'Rua Q', 1819, NULL),
('89012345', 'Ceará', 'Fortaleza', 'Aldeota', 'Avenida R', 2021, 'Sala 6'),
('90123456', 'Santa Catarina', 'Florianópolis', 'Centro', 'Rua S', 2223, NULL),
('01234567', 'Goiás', 'Goiânia', 'Setor Oeste', 'Avenida T', 2425, NULL),
('12345678', 'São Paulo', 'São Paulo', 'Centro', 'Rua U', 123, 'Apto 103'),
('23456789', 'Rio de Janeiro', 'Rio de Janeiro', 'Copacabana', 'Avenida V', 456, 'Casa 4'),
('34567890', 'Minas Gerais', 'Belo Horizonte', 'Savassi', 'Rua W', 789, NULL),
('45678901', 'Rio Grande do Sul', 'Porto Alegre', 'Moinhos de Vento', 'Rua X', 1011, 'Bloco D'),
('56789012', 'Bahia', 'Salvador', 'Barra', 'Avenida Y', 1315, NULL),
('67890123', 'Pernambuco', 'Recife', 'Boa Viagem', 'Rua Z', 1617, 'Loja 5'),
('78901234', 'Paraná', 'Curitiba', 'Batel', 'Rua AA', 1819, NULL),
('89012345', 'Ceará', 'Fortaleza', 'Aldeota', 'Avenida BB', 2021, 'Sala 7'),
('90123456', 'Santa Catarina', 'Florianópolis', 'Centro', 'Rua CC', 2223, NULL),
('01234567', 'Goiás', 'Goiânia', 'Setor Oeste', 'Avenida DD', 2425, NULL);


INSERT INTO restaurant.pessoasEndereco (pessoa, endereco, dataHora) VALUES
(1, 1, '2024-04-07 08:00:00'),
(2, 2, '2024-04-07 08:30:00'),
(3, 3, '2024-04-07 09:00:00'),
(4, 4, '2024-04-07 09:30:00'),
(5, 5, '2024-04-07 10:00:00'),
(6, 6, '2024-04-07 10:30:00'),
(7, 7, '2024-04-07 11:00:00'),
(8, 8, '2024-04-07 11:30:00'),
(9, 9, '2024-04-07 12:00:00'),
(10, 10, '2024-04-07 12:30:00'),
(11, 11, '2024-04-07 13:00:00'),
(12, 12, '2024-04-07 13:30:00'),
(13, 13, '2024-04-07 14:00:00'),
(14, 14, '2024-04-07 14:30:00'),
(15, 15, '2024-04-07 15:00:00'),
(16, 16, '2024-04-07 15:30:00'),
(17, 17, '2024-04-07 16:00:00'),
(18, 18, '2024-04-07 16:30:00'),
(19, 19, '2024-04-07 17:00:00'),
(20, 20, '2024-04-07 17:30:00'),
(21, 21, '2024-04-07 18:00:00'),
(22, 22, '2024-04-07 18:30:00'),
(23, 23, '2024-04-07 19:00:00'),
(24, 24, '2024-04-07 19:30:00'),
(25, 25, '2024-04-07 20:00:00'),
(26, 26, '2024-04-07 20:30:00'),
(27, 27, '2024-04-07 21:00:00'),
(28, 28, '2024-04-07 21:30:00'),
(29, 29, '2024-04-07 22:00:00'),
(30, 30, '2024-04-07 22:30:00');

INSERT INTO restaurant.transacoes (remetente, destinatario, valor, dataHora, meio, descricao) VALUES
(1, 30, 150.00, '2024-04-07 08:00:00', 'Pix', 'Pagamento de Água Mineral'),
(2, 30, 200.50, '2024-04-07 08:30:00', 'Cartão', 'Pagamento de Refrigerantes'),
(3, 30, 80.00, '2024-04-07 09:00:00', 'Ted', 'Pagamento de Cervejas'),
(4, 30, 120.75, '2024-04-07 09:30:00', 'Pix', 'Pagamento de Vinho'),
(5, 30, 50.00, '2024-04-07 10:00:00', 'Cartão', 'Pagamento de Água Mineral'),
(6, 30, 300.00, '2024-04-07 10:30:00', 'Ted', 'Pagamento de Refrigerantes'),
(7, 30, 90.25, '2024-04-07 11:00:00', 'Pix', 'Pagamento de Cervejas'),
(8, 30, 70.00, '2024-04-07 11:30:00', 'Cartão', 'Pagamento de Vinho'),
(9, 30, 180.50, '2024-04-07 12:00:00', 'Ted', 'Pagamento de Água Mineral'),
(1, 30, 250.00, '2024-04-07 12:30:00', 'Pix', 'Pagamento de Refrigerantes'),
(1, 30, 50.00, '2024-04-07 13:00:00', 'Cartão', 'Pagamento de Cervejas'),
(2, 30, 75.00, '2024-04-07 13:30:00', 'Ted', 'Pagamento de Vinho'),
(3, 30, 100.25, '2024-04-07 14:00:00', 'Pix', 'Pagamento de Água Mineral'),
(4, 30, 180.00, '2024-04-07 14:30:00', 'Cartão', 'Pagamento de Refrigerantes'),
(5, 30, 40.50, '2024-04-07 15:00:00', 'Ted', 'Pagamento de Cervejas'),
(6, 30, 90.75, '2024-04-07 15:30:00', 'Pix', 'Pagamento de Vinho'),
(7, 30, 120.25, '2024-04-07 16:00:00', 'Cartão', 'Pagamento de Água Mineral'),
(8, 30, 70.00, '2024-04-07 16:30:00', 'Ted', 'Pagamento de Refrigerantes'),
(9, 30, 150.00, '2024-04-07 17:00:00', 'Pix', 'Pagamento de Cervejas'),
(2, 30, 200.50, '2024-04-07 17:30:00', 'Cartão', 'Pagamento de Vinho'),
(1, 30, 80.00, '2024-04-07 18:00:00', 'Ted', 'Pagamento de Água Mineral'),
(2, 30, 120.75, '2024-04-07 18:30:00', 'Pix', 'Pagamento de Refrigerantes'),
(3, 30, 50.00, '2024-04-07 19:00:00', 'Cartão', 'Pagamento de Cervejas'),
(4, 30, 300.00, '2024-04-07 19:30:00', 'Ted', 'Pagamento de Vinho'),
(5, 30, 90.25, '2024-04-07 20:00:00', 'Pix', 'Pagamento de Água Mineral'),
(6, 30, 70.00, '2024-04-07 20:30:00', 'Cartão', 'Pagamento de Refrigerantes'),
(7, 30, 180.50, '2024-04-07 21:00:00', 'Ted', 'Pagamento de Cervejas'),
(8, 30, 250.00, '2024-04-07 21:30:00', 'Pix', 'Pagamento de Vinho'),
(9, 30, 50.00, '2024-04-07 22:00:00', 'Cartão', 'Pagamento de Água Mineral'),
(3, 30, 75.00, '2024-04-07 22:30:00', 'Ted', 'Pagamento de Refrigerantes');

INSERT INTO restaurant.transacoes (remetente, destinatario, valor, dataHora, meio, descricao) VALUES
(30, 11, 2000.00, '2024-04-07 08:00:00', 'Pix', 'Pagamento de salário para Funcionário 11'),
(30, 12, 3000.50, '2024-04-07 08:30:00', 'Cartão', 'Pagamento de salário para Funcionário 12'),
(30, 13, 1800.00, '2024-04-07 09:00:00', 'Ted', 'Pagamento de salário para Funcionário 13'),
(30, 14, 2500.75, '2024-04-07 09:30:00', 'Pix', 'Pagamento de salário para Funcionário 14'),
(30, 15, 1700.00, '2024-04-07 10:00:00', 'Cartão', 'Pagamento de salário para Funcionário 15'),
(30, 16, 2200.00, '2024-04-07 10:30:00', 'Pix', 'Pagamento de salário para Funcionário 16'),
(30, 17, 3500.00, '2024-04-07 11:00:00', 'Ted', 'Pagamento de salário para Funcionário 17'),
(30, 18, 2800.50, '2024-04-07 11:30:00', 'Cartão', 'Pagamento de salário para Funcionário 18'),
(30, 19, 1900.75, '2024-04-07 12:00:00', 'Pix', 'Pagamento de salário para Funcionário 19'),
(30, 20, 4000.00, '2024-04-07 12:30:00', 'Ted', 'Pagamento de salário para Funcionário 20');

INSERT INTO restaurant.transacoes (remetente, destinatario, valor, dataHora, meio, descricao) VALUES
(30, 21, 2000.00, '2024-04-07 08:00:00', 'Pix', 'Pagamento para Fornecedor 21'),
(30, 22, 3000.50, '2024-04-07 08:30:00', 'Cartão', 'Pagamento para Fornecedor 22'),
(30, 23, 1800.00, '2024-04-07 09:00:00', 'Ted', 'Pagamento para Fornecedor 23'),
(30, 24, 2500.75, '2024-04-07 09:30:00', 'Pix', 'Pagamento para Fornecedor 24'),
(30, 25, 1700.00, '2024-04-07 10:00:00', 'Cartão', 'Pagamento para Fornecedor 25'),
(30, 26, 2200.00, '2024-04-07 10:30:00', 'Ted', 'Pagamento para Fornecedor 26'),
(30, 27, 2800.50, '2024-04-07 11:00:00', 'Pix', 'Pagamento para Fornecedor 27'),
(30, 28, 1900.25, '2024-04-07 11:30:00', 'Cartão', 'Pagamento para Fornecedor 28'),
(30, 29, 2100.75, '2024-04-07 12:00:00', 'Ted', 'Pagamento para Fornecedor 29'),
(30, 30, 3200.00, '2024-04-07 12:30:00', 'Pix', 'Pagamento para Fornecedor 30');

INSERT INTO restaurant.preferencia (itemCardapio, cliente, dataHora) VALUES
(1, 1, '2024-04-07 08:00:00'),
(2, 2, '2024-04-07 08:30:00'),
(3, 3, '2024-04-07 09:00:00'),
(4, 4, '2024-04-07 09:30:00'),
(5, 5, '2024-04-07 10:00:00'),
(6, 6, '2024-04-07 10:30:00'),
(7, 7, '2024-04-07 11:00:00'),
(8, 8, '2024-04-07 11:30:00'),
(9, 9, '2024-04-07 12:00:00'),
(10, 10, '2024-04-07 12:30:00');

INSERT INTO restaurant.mesa (capacidade, status) VALUES
(4, 'Disponível'),
(2, 'Ocupada'),
(6, 'Disponível'),
(8, 'Disponível'),
(5, 'Ocupada'),
(3, 'Disponível'),
(4, 'Ocupada'),
(6, 'Disponível'),
(2, 'Ocupada'),
(10, 'Disponível');

INSERT INTO restaurant.pedidos (funcionario, cliente, dataHora, status) VALUES
(25, 1, '2024-04-07 13:00:00', 'Em andamento'),
(25, 2, '2024-04-07 13:15:00', 'Em andamento'),
(25, 3, '2024-04-07 13:30:00', 'Pendente'),
(25, 4, '2024-04-07 13:45:00', 'Pendente'),
(25, 5, '2024-04-07 14:00:00', 'Concluído'),
(25, 6, '2024-04-07 14:15:00', 'Concluído'),
(25, 7, '2024-04-07 14:30:00', 'Em andamento'),
(25, 8, '2024-04-07 14:45:00', 'Em andamento'),
(25, 9, '2024-04-07 15:00:00', 'Pendente'),
(25, 10, '2024-04-07 15:15:00', 'Pendente');

INSERT INTO restaurant.itensEstoque (nome, categoria, preco, descricao, quantidade) VALUES
('Arroz', 'Grãos', 5.99, 'Arroz branco tradicional', 100),
('Feijão', 'Grãos', 6.99, 'Feijão carioca', 150),
('Carne de Frango', 'Carnes', 12.99, 'Peito de frango', 80),
('Carne de Boi', 'Carnes', 18.99, 'Carne de boi para churrasco', 70),
('Alface', 'Verduras', 3.99, 'Alface crespa', 50),
('Tomate', 'Verduras', 2.99, 'Tomate italiano', 60),
('Leite', 'Laticínios', 4.99, 'Leite integral', 120),
('Ovos', 'Laticínios', 8.99, 'Dúzia de ovos', 90),
('Farinha de Trigo', 'Grãos', 7.99, 'Farinha de trigo comum', 110),
('Azeite de Oliva', 'Condimentos', 15.99, 'Azeite de oliva extra virgem', 40);

INSERT INTO restaurant.reserva (cliente, mesa, dataHora, adiantamento) VALUES
(1, 1, '2024-04-07 13:00:00', 350.00),
(2, 2, '2024-04-07 13:15:00', 320.00),
(3, 3, '2024-04-07 13:30:00', 310.00),
(4, 4, '2024-04-07 13:45:00', 330.00),
(5, 5, '2024-04-07 14:00:00', 340.00),
(6, 6, '2024-04-07 14:15:00', 370.00),
(7, 7, '2024-04-07 14:30:00', 380.00),
(8, 8, '2024-04-07 14:45:00', 390.00),
(9, 9, '2024-04-07 15:00:00', 320.00),
(10, 10, '2024-04-07 15:15:00', 330.00);

INSERT INTO restaurant.contem (itemCardapio, pedido, dataHora) VALUES
(1, 1, '2024-04-07 13:00:00'),
(2, 2, '2024-04-07 13:15:00'),
(3, 3, '2024-04-07 13:30:00'),
(4, 4, '2024-04-07 13:45:00'),
(5, 5, '2024-04-07 14:00:00'),
(6, 6, '2024-04-07 14:15:00'),
(7, 7, '2024-04-07 14:30:00'),
(8, 8, '2024-04-07 14:45:00'),
(9, 9, '2024-04-07 15:00:00'),
(10, 10, '2024-04-07 15:15:00');

INSERT INTO restaurant.preparar (itemCardapio, itemEstoque, dataHora) VALUES
(1, 1, '2024-04-07 13:00:00'),
(2, 2, '2024-04-07 13:15:00'),
(3, 3, '2024-04-07 13:30:00'),
(4, 4, '2024-04-07 13:45:00'),
(5, 5, '2024-04-07 14:00:00'),
(6, 6, '2024-04-07 14:15:00'),
(7, 7, '2024-04-07 14:30:00'),
(8, 8, '2024-04-07 14:45:00'),
(9, 9, '2024-04-07 15:00:00'),
(10, 10, '2024-04-07 15:15:00');

INSERT INTO restaurant.entregas (fornecedor, itemEstoque, dataHoraSaida, dataHoraEntrega, meioEntrega) VALUES
(11, 1, '2024-04-07 13:00:00', '2024-04-07 13:30:00', 'Transportadora A'),
(12, 2, '2024-04-07 13:15:00', '2024-04-07 13:45:00', 'Correios'),
(13, 3, '2024-04-07 13:30:00', '2024-04-07 14:00:00', 'Transportadora B'),
(14, 4, '2024-04-07 13:45:00', '2024-04-07 14:15:00', 'Entrega direta'),
(15, 5, '2024-04-07 14:00:00', '2024-04-07 14:30:00', 'Transportadora C'),
(16, 6, '2024-04-07 14:15:00', '2024-04-07 14:45:00', 'Correios'),
(17, 7, '2024-04-07 14:30:00', '2024-04-07 15:00:00', 'Entrega direta'),
(18, 8, '2024-04-07 14:45:00', '2024-04-07 15:15:00', 'Transportadora D'),
(19, 9, '2024-04-07 15:00:00', '2024-04-07 15:30:00', 'Correios'),
(20, 10, '2024-04-07 15:15:00', '2024-04-07 15:45:00', 'Entrega direta');
